2025-02-23 06:37:20,131
2025-02-23 06:37:20,0
2025-02-23 06:37:20,0
2025-02-23 06:37:20,0
2025-02-23 06:37:20,6
2025-02-23 06:37:21,166
2025-02-23 06:37:21,180
2025-02-23 06:37:21,180
2025-02-23 06:37:21,180
2025-02-23 06:37:21,180
2025-02-23 06:37:21,180
2025-02-23 06:37:21,180
2025-02-23 06:37:21,180
2025-02-23 06:37:21,180
2025-02-23 06:37:21,180
2025-02-23 06:37:21,180
2025-02-23 06:37:21,180
2025-02-23 06:37:21,180
2025-02-23 06:37:21,180
2025-02-23 06:37:21,180
2025-02-23 06:37:21,180
2025-02-23 06:37:21,180
2025-02-23 06:37:21,180
2025-02-23 06:37:21,180
2025-02-23 06:37:21,180
2025-02-23 06:37:21,77
2025-02-23 06:37:21,0
2025-02-23 06:37:21,0
2025-02-23 06:37:21,0
2025-02-23 06:37:21,0
2025-02-23 06:37:21,0
2025-02-23 06:37:21,22
2025-02-23 06:37:21,180
2025-02-23 06:37:21,180
2025-02-23 06:37:22,180
2025-02-23 06:37:22,180
2025-02-23 06:37:22,180
2025-02-23 06:37:22,180
2025-02-23 06:37:22,180
2025-02-23 06:37:22,180
2025-02-23 06:37:22,180
2025-02-23 06:37:22,180
2025-02-23 06:37:22,180
2025-02-23 06:37:22,180
2025-02-23 06:37:22,180
2025-02-23 06:37:22,180
2025-02-23 06:37:22,180
2025-02-23 06:37:22,180
2025-02-23 06:37:22,180
2025-02-23 06:37:22,180
2025-02-23 06:37:22,180
2025-02-23 06:37:22,56
2025-02-23 06:37:22,0
2025-02-23 06:37:22,0
2025-02-23 06:37:22,0
2025-02-23 06:37:22,0
2025-02-23 06:37:22,0
2025-02-23 06:37:22,0
2025-02-23 06:37:22,0
2025-02-23 06:37:22,36
2025-02-23 06:37:22,121
2025-02-23 06:37:22,180
2025-02-23 06:37:22,180
2025-02-23 06:37:23,180
2025-02-23 06:37:23,180
2025-02-23 06:37:23,180
2025-02-23 06:37:23,180
2025-02-23 06:37:23,180
2025-02-23 06:37:23,180
2025-02-23 06:37:23,180
2025-02-23 06:37:23,180
2025-02-23 06:37:23,180
2025-02-23 06:37:23,180
2025-02-23 06:37:23,180
2025-02-23 06:37:23,180
2025-02-23 06:37:23,180
2025-02-23 06:37:23,180
2025-02-23 06:37:23,180
2025-02-23 06:37:23,180
2025-02-23 06:37:23,180
2025-02-23 06:37:23,180
2025-02-23 06:37:23,180
2025-02-23 06:37:23,180
2025-02-23 06:37:23,180
2025-02-23 06:37:23,180
2025-02-23 06:37:23,180
2025-02-23 06:37:23,180
2025-02-23 06:37:23,180
2025-02-23 06:37:23,180
2025-02-23 06:37:23,180
2025-02-23 06:37:23,180
2025-02-23 06:37:23,180
2025-02-23 06:37:23,180
2025-02-23 06:37:24,180
2025-02-23 06:37:24,180
2025-02-23 06:37:24,180
2025-02-23 06:37:24,180
2025-02-23 06:37:24,180
2025-02-23 06:37:24,180
2025-02-23 06:37:24,180
2025-02-23 06:37:24,180
2025-02-23 06:37:24,146
2025-02-23 06:37:24,0
2025-02-23 06:37:24,0
2025-02-23 06:37:24,0
2025-02-23 06:37:24,0
2025-02-23 06:37:24,0
2025-02-23 06:37:24,0
2025-02-23 06:37:24,0
2025-02-23 06:37:24,5
2025-02-23 06:37:24,31
2025-02-23 06:37:24,88
2025-02-23 06:37:24,142
2025-02-23 06:37:24,180
2025-02-23 06:37:24,180
2025-02-23 06:37:24,180
2025-02-23 06:37:24,180
2025-02-23 06:37:24,180
2025-02-23 06:37:24,180
2025-02-23 06:37:24,180
2025-02-23 06:37:24,180
2025-02-23 06:37:24,180
2025-02-23 06:37:24,180
2025-02-23 06:37:25,180
2025-02-23 06:37:25,180
2025-02-23 06:37:25,180
2025-02-23 06:37:25,180
2025-02-23 06:37:25,180
2025-02-23 06:37:25,180
2025-02-23 06:37:25,180
2025-02-23 06:37:25,180
2025-02-23 06:37:25,180
2025-02-23 06:37:25,180
2025-02-23 06:37:25,180
2025-02-23 06:37:25,180
2025-02-23 06:37:25,180
2025-02-23 06:37:25,180
2025-02-23 06:37:25,180
2025-02-23 06:37:25,180
2025-02-23 06:37:25,180
2025-02-23 06:37:25,180
2025-02-23 06:37:25,180
2025-02-23 06:37:25,180
2025-02-23 06:37:25,180
2025-02-23 06:37:25,180
2025-02-23 06:37:25,180
2025-02-23 06:37:25,180
2025-02-23 06:37:25,180
2025-02-23 06:37:25,180
2025-02-23 06:37:25,180
2025-02-23 06:37:25,180
2025-02-23 06:37:25,180
2025-02-23 06:37:25,180
2025-02-23 06:37:26,180
2025-02-23 06:37:26,180
2025-02-23 06:37:26,180
2025-02-23 06:37:26,180
2025-02-23 06:37:26,121
2025-02-23 06:37:26,0
2025-02-23 06:37:26,0
2025-02-23 06:37:26,0
2025-02-23 06:37:26,0
2025-02-23 06:37:26,0
2025-02-23 06:37:26,0
2025-02-23 06:37:26,30
2025-02-23 06:37:26,103
2025-02-23 06:37:26,180
2025-02-23 06:37:26,180
2025-02-23 06:37:26,180
2025-02-23 06:37:26,180
2025-02-23 06:37:26,180
2025-02-23 06:37:26,180
2025-02-23 06:37:26,180
2025-02-23 06:37:26,180
2025-02-23 06:37:26,180
2025-02-23 06:37:26,180
2025-02-23 06:37:26,180
2025-02-23 06:37:26,180
2025-02-23 06:37:26,180
2025-02-23 06:37:26,180
2025-02-23 06:37:26,161
2025-02-23 06:37:26,27
2025-02-23 06:37:26,0
2025-02-23 06:37:27,0
2025-02-23 06:37:27,0
2025-02-23 06:37:27,0
2025-02-23 06:37:27,0
2025-02-23 06:37:27,0
2025-02-23 06:37:27,0
2025-02-23 06:37:27,0
2025-02-23 06:37:27,0
2025-02-23 06:37:27,8
2025-02-23 06:37:27,84
2025-02-23 06:37:27,179
2025-02-23 06:37:27,180
2025-02-23 06:37:27,180
2025-02-23 06:37:27,180
2025-02-23 06:37:27,180
2025-02-23 06:37:27,180
2025-02-23 06:37:27,180
2025-02-23 06:37:27,180
2025-02-23 06:37:27,180
2025-02-23 06:37:27,180
2025-02-23 06:37:27,180
2025-02-23 06:37:27,180
2025-02-23 06:37:27,180
2025-02-23 06:37:27,180
2025-02-23 06:37:27,180
2025-02-23 06:37:27,180
2025-02-23 06:37:27,180
2025-02-23 06:37:27,180
2025-02-23 06:37:27,180
2025-02-23 06:37:27,180
2025-02-23 06:37:28,180
2025-02-23 06:37:28,180
2025-02-23 06:37:28,180
2025-02-23 06:37:28,180
2025-02-23 06:37:28,180
2025-02-23 06:37:28,144
2025-02-23 06:37:28,1
2025-02-23 06:37:28,0
2025-02-23 06:37:28,0
2025-02-23 06:37:28,0
2025-02-23 06:37:28,0
2025-02-23 06:37:28,0
2025-02-23 06:37:28,0
2025-02-23 06:37:28,117
2025-02-23 06:37:28,180
2025-02-23 06:37:28,180
2025-02-23 06:37:28,180
2025-02-23 06:37:28,180
2025-02-23 06:37:28,180
2025-02-23 06:37:28,180
2025-02-23 06:37:28,180
2025-02-23 06:37:28,180
2025-02-23 06:37:28,180
2025-02-23 06:37:28,180
2025-02-23 06:37:28,180
2025-02-23 06:37:28,180
2025-02-23 06:37:28,180
2025-02-23 06:37:28,180
2025-02-23 06:37:28,180
2025-02-23 06:37:28,180
2025-02-23 06:37:29,180
2025-02-23 06:37:29,180
2025-02-23 06:37:29,97
2025-02-23 06:37:29,0
2025-02-23 06:37:29,0
2025-02-23 06:37:29,0
2025-02-23 06:37:29,0
2025-02-23 06:37:29,0
2025-02-23 06:37:29,0
2025-02-23 06:37:29,0
2025-02-23 06:37:29,0
2025-02-23 06:37:29,0
2025-02-23 06:37:29,0
2025-02-23 06:37:29,0
2025-02-23 06:37:29,0
2025-02-23 06:37:29,0
2025-02-23 06:37:29,0
2025-02-23 06:37:29,50
2025-02-23 06:37:29,180
2025-02-23 06:37:29,180
2025-02-23 06:37:29,180
2025-02-23 06:37:29,180
2025-02-23 06:37:29,180
2025-02-23 06:37:29,180
2025-02-23 06:37:29,180
2025-02-23 06:37:29,180
2025-02-23 06:37:29,180
2025-02-23 06:37:29,180
2025-02-23 06:37:29,180
2025-02-23 06:37:29,180
2025-02-23 06:37:30,180
2025-02-23 06:37:30,180
2025-02-23 06:37:30,180
2025-02-23 06:37:30,180
2025-02-23 06:37:30,180
2025-02-23 06:37:30,180
2025-02-23 06:37:30,180
2025-02-23 06:37:30,180
2025-02-23 06:37:30,180
2025-02-23 06:37:30,180
2025-02-23 06:37:30,180
2025-02-23 06:37:30,180
2025-02-23 06:37:30,48
2025-02-23 06:37:30,0
2025-02-23 06:37:30,29
2025-02-23 06:37:30,71
2025-02-23 06:37:30,71
2025-02-23 06:37:30,71
2025-02-23 06:37:30,72
2025-02-23 06:37:30,10
2025-02-23 06:37:30,107
2025-02-23 06:37:30,180
2025-02-23 06:37:30,180
2025-02-23 06:37:30,180
2025-02-23 06:37:30,180
2025-02-23 06:37:30,180
2025-02-23 06:37:31,180
2025-02-23 06:37:31,180
2025-02-23 06:37:31,180
2025-02-23 06:37:31,180
2025-02-23 06:37:31,180
2025-02-23 06:37:31,180
2025-02-23 06:37:31,180
2025-02-23 06:37:31,180
2025-02-23 06:37:31,180
2025-02-23 06:37:31,180
2025-02-23 06:37:31,180
2025-02-23 06:37:31,180
2025-02-23 06:37:31,163
2025-02-23 06:37:31,147
2025-02-23 06:37:31,119
2025-02-23 06:37:31,123
2025-02-23 06:37:31,119
2025-02-23 06:37:31,113
2025-02-23 06:37:31,117
2025-02-23 06:37:31,116
2025-02-23 06:37:31,118
2025-02-23 06:37:31,117
2025-02-23 06:37:31,113
2025-02-23 06:37:31,106
2025-02-23 06:37:31,76
2025-02-23 06:37:31,160
2025-02-23 06:37:31,180
2025-02-23 06:37:31,180
2025-02-23 06:37:32,180
2025-02-23 06:37:32,180
2025-02-23 06:37:32,180
2025-02-23 06:37:32,180
2025-02-23 06:37:32,180
2025-02-23 06:37:32,180
2025-02-23 06:37:32,180
2025-02-23 06:37:32,180
2025-02-23 06:37:32,180
2025-02-23 06:37:32,180
2025-02-23 06:37:32,147
2025-02-23 06:37:32,17
2025-02-23 06:37:32,43
2025-02-23 06:37:32,97
2025-02-23 06:37:32,116
2025-02-23 06:37:32,113
2025-02-23 06:37:32,113
2025-02-23 06:37:32,109
2025-02-23 06:37:32,105
2025-02-23 06:37:32,105
2025-02-23 06:37:32,108
2025-02-23 06:37:32,89
2025-02-23 06:37:32,66
2025-02-23 06:37:32,157
2025-02-23 06:37:32,180
2025-02-23 06:37:32,180
2025-02-23 06:37:32,180
2025-02-23 06:37:32,180
2025-02-23 06:37:32,180
2025-02-23 06:37:32,180
2025-02-23 06:37:33,180
2025-02-23 06:37:33,180
2025-02-23 06:37:33,180
2025-02-23 06:37:33,180
2025-02-23 06:37:33,180
2025-02-23 06:37:33,180
2025-02-23 06:37:33,180
2025-02-23 06:37:33,180
2025-02-23 06:37:33,180
2025-02-23 06:37:33,180
2025-02-23 06:37:33,180
2025-02-23 06:37:33,180
2025-02-23 06:37:33,180
2025-02-23 06:37:33,180
2025-02-23 06:37:33,180
2025-02-23 06:37:33,180
2025-02-23 06:37:33,128
2025-02-23 06:37:33,117
2025-02-23 06:37:33,119
2025-02-23 06:37:33,124
2025-02-23 06:37:33,140
2025-02-23 06:37:33,165
2025-02-23 06:37:33,180
2025-02-23 06:37:33,180
2025-02-23 06:37:33,180
2025-02-23 06:37:33,180
2025-02-23 06:37:33,180
2025-02-23 06:37:33,180
2025-02-23 06:37:33,135
2025-02-23 06:37:33,47
2025-02-23 06:37:34,22
2025-02-23 06:37:34,0
2025-02-23 06:37:34,0
2025-02-23 06:37:34,0
2025-02-23 06:37:34,34
2025-02-23 06:37:34,124
2025-02-23 06:37:34,180
2025-02-23 06:37:34,180
2025-02-23 06:37:34,180
2025-02-23 06:37:34,180
2025-02-23 06:37:34,180
2025-02-23 06:37:34,180
2025-02-23 06:37:34,180
2025-02-23 06:37:34,180
2025-02-23 06:37:34,180
2025-02-23 06:37:34,180
2025-02-23 06:37:34,180
2025-02-23 06:37:34,180
2025-02-23 06:37:34,180
2025-02-23 06:37:34,37
2025-02-23 06:37:34,0
2025-02-23 06:37:34,0
2025-02-23 06:37:34,0
2025-02-23 06:37:34,0
2025-02-23 06:37:34,0
2025-02-23 06:37:34,53
2025-02-23 06:37:34,180
2025-02-23 06:37:34,180
2025-02-23 06:37:34,180
2025-02-23 06:37:34,180
2025-02-23 06:37:35,180
2025-02-23 06:37:35,180
2025-02-23 06:37:35,180
2025-02-23 06:37:35,180
2025-02-23 06:37:35,180
2025-02-23 06:37:35,180
2025-02-23 06:37:35,180
2025-02-23 06:37:35,180
2025-02-23 06:37:35,180
2025-02-23 06:37:35,180
2025-02-23 06:37:35,180
2025-02-23 06:37:35,180
2025-02-23 06:37:35,180
2025-02-23 06:37:35,180
2025-02-23 06:37:35,180
2025-02-23 06:37:35,180
2025-02-23 06:37:35,76
2025-02-23 06:37:35,0
2025-02-23 06:37:35,0
2025-02-23 06:37:35,0
2025-02-23 06:37:35,0
2025-02-23 06:39:22,120
2025-02-23 06:39:22,113
2025-02-23 06:39:22,113
2025-02-23 06:39:22,110
2025-02-23 06:39:22,110
2025-02-23 06:39:22,105
2025-02-23 06:39:22,86
2025-02-23 06:39:22,56
2025-02-23 06:39:22,30
2025-02-23 06:39:22,3
2025-02-23 06:39:22,0
2025-02-23 06:39:22,0
2025-02-23 06:39:22,0
2025-02-23 06:39:22,0
2025-02-23 06:39:22,0
2025-02-23 06:39:22,0
2025-02-23 06:39:22,0
2025-02-23 06:39:22,0
2025-02-23 06:39:22,0
2025-02-23 06:39:22,0
2025-02-23 06:39:23,10
2025-02-23 06:39:23,6
2025-02-23 06:39:23,0
2025-02-23 06:39:23,0
2025-02-23 06:39:23,30
2025-02-23 06:39:23,27
2025-02-23 06:39:23,17
2025-02-23 06:39:23,29
2025-02-23 06:39:23,21
2025-02-23 06:39:23,21
2025-02-23 06:39:23,23
2025-02-23 06:39:23,24
2025-02-23 06:39:23,24
2025-02-23 06:39:23,31
2025-02-23 06:39:23,22
2025-02-23 06:39:23,26
2025-02-23 06:39:23,27
2025-02-23 06:39:23,23
2025-02-23 06:39:23,21
2025-02-23 06:39:23,20
2025-02-23 06:39:23,17
2025-02-23 06:39:23,24
2025-02-23 06:39:23,13
2025-02-23 06:39:23,17
2025-02-23 06:39:23,17
2025-02-23 06:39:23,24
2025-02-23 06:39:23,37
2025-02-23 06:39:23,13
2025-02-23 06:39:23,0
2025-02-23 06:39:24,0
2025-02-23 06:39:24,180
2025-02-23 06:39:24,180
2025-02-23 06:39:24,180
2025-02-23 06:39:24,180
2025-02-23 06:39:24,180
2025-02-23 06:39:24,180
2025-02-23 06:39:24,180
2025-02-23 06:39:24,180
2025-02-23 06:39:24,180
2025-02-23 06:39:24,180
2025-02-23 06:39:24,180
2025-02-23 06:39:24,180
2025-02-23 06:39:24,180
2025-02-23 06:39:24,180
2025-02-23 06:39:24,180
2025-02-23 06:39:24,180
2025-02-23 06:39:24,180
2025-02-23 06:39:24,180
2025-02-23 06:39:24,172
2025-02-23 06:39:24,82
2025-02-23 06:39:24,0
2025-02-23 06:39:24,0
2025-02-23 06:39:24,0
2025-02-23 06:39:24,0
2025-02-23 06:39:24,0
2025-02-23 06:39:24,0
2025-02-23 06:39:24,0
2025-02-23 06:39:24,0
2025-02-23 06:39:25,0
2025-02-23 06:39:25,3
2025-02-23 06:39:25,20
2025-02-23 06:39:25,30
2025-02-23 06:39:25,40
2025-02-23 06:39:25,42
2025-02-23 06:39:25,47
2025-02-23 06:39:25,57
2025-02-23 06:39:25,86
2025-02-23 06:39:25,126
2025-02-23 06:39:25,180
2025-02-23 06:39:25,180
2025-02-23 06:39:25,180
2025-02-23 06:39:25,180
2025-02-23 06:39:25,180
2025-02-23 06:39:25,180
2025-02-23 06:39:25,180
2025-02-23 06:39:25,180
2025-02-23 06:39:25,180
2025-02-23 06:39:25,180
2025-02-23 06:39:25,180
2025-02-23 06:39:25,180
2025-02-23 06:39:25,180
2025-02-23 06:39:25,180
2025-02-23 06:39:25,180
2025-02-23 06:39:25,180
2025-02-23 06:39:25,180
2025-02-23 06:39:25,180
2025-02-23 06:39:25,180
2025-02-23 06:39:25,180
2025-02-23 06:39:26,180
2025-02-23 06:39:26,180
2025-02-23 06:39:26,180
2025-02-23 06:39:26,180
2025-02-23 06:39:26,180
2025-02-23 06:39:26,180
2025-02-23 06:39:26,180
2025-02-23 06:39:26,180
2025-02-23 06:39:26,180
2025-02-23 06:39:26,180
2025-02-23 06:39:26,180
2025-02-23 06:39:26,180
2025-02-23 06:39:26,180
2025-02-23 06:39:26,180
2025-02-23 06:39:26,180
2025-02-23 06:39:26,180
2025-02-23 06:39:26,180
2025-02-23 06:39:26,180
2025-02-23 06:39:26,180
2025-02-23 06:39:26,180
2025-02-23 06:39:26,180
2025-02-23 06:39:26,180
2025-02-23 06:39:26,180
2025-02-23 06:39:26,180
2025-02-23 06:39:26,180
2025-02-23 06:39:26,180
2025-02-23 06:39:26,180
2025-02-23 06:39:26,180
2025-02-23 06:39:26,180
2025-02-23 06:39:26,180
2025-02-23 06:39:27,180
2025-02-23 06:39:27,180
2025-02-23 06:39:27,180
2025-02-23 06:39:27,180
2025-02-23 06:39:27,180
2025-02-23 06:39:27,180
2025-02-23 06:39:27,180
2025-02-23 06:39:27,180
2025-02-23 06:39:27,180
2025-02-23 06:39:27,180
2025-02-23 06:39:27,180
2025-02-23 06:39:27,169
2025-02-23 06:39:27,130
2025-02-23 06:39:27,85
2025-02-23 06:39:27,56
2025-02-23 06:39:27,42
2025-02-23 06:39:27,35
2025-02-23 06:39:27,20
2025-02-23 06:39:27,9
2025-02-23 06:39:27,6
2025-02-23 06:39:27,0
2025-02-23 06:39:27,0
2025-02-23 06:39:27,6
2025-02-23 06:39:27,16
2025-02-23 06:39:27,26
2025-02-23 06:39:27,33
2025-02-23 06:39:27,41
2025-02-23 06:39:27,53
2025-02-23 06:39:27,63
2025-02-23 06:39:27,84
2025-02-23 06:39:28,109
2025-02-23 06:39:28,139
2025-02-23 06:39:28,165
2025-02-23 06:39:28,180
2025-02-23 06:39:28,180
2025-02-23 06:39:28,180
2025-02-23 06:39:28,180
2025-02-23 06:39:28,180
2025-02-23 06:39:28,180
2025-02-23 06:39:28,180
2025-02-23 06:39:28,180
2025-02-23 06:39:28,180
2025-02-23 06:39:28,180
2025-02-23 06:39:28,180
2025-02-23 06:39:28,180
2025-02-23 06:39:28,180
2025-02-23 06:39:28,180
2025-02-23 06:39:28,180
2025-02-23 06:39:28,180
2025-02-23 06:39:28,180
2025-02-23 06:39:28,180
2025-02-23 06:39:28,180
2025-02-23 06:39:28,180
2025-02-23 06:39:28,180
2025-02-23 06:39:28,180
2025-02-23 06:39:28,180
2025-02-23 06:39:28,180
2025-02-23 06:39:28,180
2025-02-23 06:39:28,180
2025-02-23 06:39:28,163
2025-02-23 06:39:29,146
2025-02-23 06:39:29,118
2025-02-23 06:39:29,101
2025-02-23 06:39:29,84
2025-02-23 06:39:29,66
2025-02-23 06:39:29,45
2025-02-23 06:39:29,20
2025-02-23 06:39:29,0
2025-02-23 06:39:29,0
2025-02-23 06:39:29,0
2025-02-23 06:39:29,0
2025-02-23 06:39:29,0
2025-02-23 06:39:29,0
2025-02-23 06:39:29,0
2025-02-23 06:39:29,36
2025-02-23 06:39:29,64
2025-02-23 06:39:29,94
2025-02-23 06:39:29,146
2025-02-23 06:39:29,169
2025-02-23 06:39:29,180
2025-02-23 06:39:29,180
2025-02-23 06:39:29,180
2025-02-23 06:39:29,180
2025-02-23 06:39:29,180
2025-02-23 06:39:29,180
2025-02-23 06:39:29,180
2025-02-23 06:39:29,180
2025-02-23 06:39:29,180
2025-02-23 06:39:29,180
2025-02-23 06:39:30,180
2025-02-23 06:39:30,180
2025-02-23 06:39:30,180
2025-02-23 06:39:30,180
2025-02-23 06:39:30,180
2025-02-23 06:39:30,180
2025-02-23 06:39:30,180
2025-02-23 06:39:30,180
2025-02-23 06:39:30,180
2025-02-23 06:39:30,180
2025-02-23 06:39:30,180
2025-02-23 06:39:30,180
2025-02-23 06:39:30,180
2025-02-23 06:39:30,180
2025-02-23 06:39:30,180
2025-02-23 06:39:30,180
2025-02-23 06:39:30,180
2025-02-23 06:39:30,180
2025-02-23 06:39:30,180
2025-02-23 06:39:30,180
2025-02-23 06:39:30,180
2025-02-23 06:39:30,180
2025-02-23 06:39:30,180
2025-02-23 06:39:30,180
2025-02-23 06:39:30,180
2025-02-23 06:39:30,180
2025-02-23 06:39:30,180
2025-02-23 06:39:30,180
2025-02-23 06:39:30,180
2025-02-23 06:39:30,180
2025-02-23 06:39:31,180
2025-02-23 06:39:31,180
2025-02-23 06:39:31,180
2025-02-23 06:39:31,180
2025-02-23 06:39:31,180
2025-02-23 06:39:31,180
2025-02-23 06:39:31,180
2025-02-23 06:39:31,180
2025-02-23 06:39:31,180
2025-02-23 06:39:31,180
2025-02-23 06:39:31,170
2025-02-23 06:39:31,152
2025-02-23 06:39:31,143
2025-02-23 06:39:31,139
2025-02-23 06:39:31,130
2025-02-23 06:39:31,120
2025-02-23 06:39:31,108
2025-02-23 06:39:31,93
2025-02-23 06:39:31,95
2025-02-23 06:39:31,94
2025-02-23 06:39:31,95
2025-02-23 06:39:31,93
2025-02-23 06:39:31,96
2025-02-23 06:39:31,94
2025-02-23 06:39:31,95
2025-02-23 06:39:31,94
2025-02-23 06:39:31,93
2025-02-23 06:39:31,91
2025-02-23 06:39:31,92
2025-02-23 06:39:31,91
2025-02-23 06:39:32,87
2025-02-23 06:39:32,85
2025-02-23 06:39:32,81
2025-02-23 06:39:32,78
2025-02-23 06:39:32,75
2025-02-23 06:39:32,74
2025-02-23 06:39:32,72
2025-02-23 06:39:32,73
2025-02-23 06:39:32,83
2025-02-23 06:39:32,101
2025-02-23 06:39:32,117
2025-02-23 06:39:32,134
2025-02-23 06:39:32,150
2025-02-23 06:39:32,159
2025-02-23 06:39:32,168
2025-02-23 06:39:32,180
2025-02-23 06:39:32,180
2025-02-23 06:39:32,180
2025-02-23 06:39:32,180
2025-02-23 06:39:32,180
2025-02-23 06:39:32,180
2025-02-23 06:39:32,180
2025-02-23 06:39:32,180
2025-02-23 06:39:32,180
2025-02-23 06:39:32,180
2025-02-23 06:39:32,180
2025-02-23 06:39:32,180
2025-02-23 06:39:32,180
2025-02-23 06:39:32,180
2025-02-23 06:39:32,180
2025-02-23 06:39:33,180
2025-02-23 06:39:33,180
2025-02-23 06:39:33,180
2025-02-23 06:39:33,180
2025-02-23 06:39:33,180
2025-02-23 06:39:33,180
2025-02-23 06:39:33,180
2025-02-23 06:39:33,180
2025-02-23 06:39:33,180
2025-02-23 06:39:33,180
2025-02-23 06:39:33,180
2025-02-23 06:39:33,180
2025-02-23 06:39:33,180
2025-02-23 06:39:33,180
2025-02-23 06:39:33,180
2025-02-23 06:39:33,180
2025-02-23 06:39:33,180
2025-02-23 06:39:33,180
2025-02-23 06:39:33,180
2025-02-23 06:39:33,180
2025-02-23 06:39:33,180
2025-02-23 06:39:33,180
2025-02-23 06:39:33,180
2025-02-23 06:39:33,180
2025-02-23 06:39:33,180
2025-02-23 06:39:33,180
2025-02-23 06:39:33,180
2025-02-23 06:39:33,180
2025-02-23 06:39:33,180
2025-02-23 06:39:33,180
2025-02-23 06:39:34,180
2025-02-23 06:39:34,180
2025-02-23 06:39:34,180
2025-02-23 06:39:34,180
2025-02-23 06:39:34,180
2025-02-23 06:39:34,180
2025-02-23 06:39:34,180
2025-02-23 06:39:34,180
2025-02-23 06:39:34,180
2025-02-23 06:39:34,180
2025-02-23 06:39:34,180
2025-02-23 06:39:34,180
2025-02-23 06:39:34,180
2025-02-23 06:39:34,180
2025-02-23 06:39:34,180
2025-02-23 06:39:34,180
2025-02-23 06:39:34,180
2025-02-23 06:39:34,180
2025-02-23 06:39:34,180
2025-02-23 06:39:34,180
2025-02-23 06:39:34,180
2025-02-23 06:39:34,180
2025-02-23 06:39:34,180
2025-02-23 06:39:34,180
2025-02-23 06:39:34,180
2025-02-23 06:39:34,180
2025-02-23 06:39:34,180
2025-02-23 06:39:34,178
2025-02-23 06:39:34,168
2025-02-23 06:39:34,152
2025-02-23 06:39:35,138
2025-02-23 06:39:35,123
2025-02-23 06:39:35,118
2025-02-23 06:39:35,101
2025-02-23 06:39:35,87
2025-02-23 06:39:35,87
2025-02-23 06:39:35,76
2025-02-23 06:39:35,78
2025-02-23 06:39:35,75
2025-02-23 06:39:35,69
2025-02-23 06:39:35,57
2025-02-23 06:39:35,58
2025-02-23 06:39:35,49
2025-02-23 06:39:35,40
2025-02-23 06:39:35,35
2025-02-23 06:39:35,33
2025-02-23 06:39:35,37
2025-02-23 06:39:35,43
2025-02-23 06:39:35,46
2025-02-23 06:39:35,52
2025-02-23 06:39:35,57
2025-02-23 06:39:35,68
2025-02-23 06:39:35,76
2025-02-23 06:39:35,83
2025-02-23 06:39:35,84
2025-02-23 06:39:35,88
2025-02-23 06:39:35,111
2025-02-23 06:39:35,120
2025-02-23 06:39:36,125
2025-02-23 06:39:36,124
2025-02-23 06:39:36,129
2025-02-23 06:39:36,130
2025-02-23 06:39:36,133
2025-02-23 06:39:36,144
2025-02-23 06:39:36,151
2025-02-23 06:39:36,152
2025-02-23 06:39:36,161
2025-02-23 06:39:36,174
2025-02-23 06:39:36,180
2025-02-23 06:39:36,180
2025-02-23 06:39:36,180
2025-02-23 06:39:36,180
2025-02-23 06:39:36,180
2025-02-23 06:39:36,180
2025-02-23 06:39:36,180
2025-02-23 06:39:36,180
2025-02-23 06:39:36,180
2025-02-23 06:39:36,180
2025-02-23 06:39:36,180
2025-02-23 06:39:36,180
2025-02-23 06:39:36,180
2025-02-23 06:39:36,180
2025-02-23 06:39:36,180
2025-02-23 06:39:36,180
2025-02-23 06:39:36,180
2025-02-23 06:39:36,180
2025-02-23 06:39:36,180
2025-02-23 06:39:36,180
2025-02-23 06:39:37,180
2025-02-23 06:39:37,180
2025-02-23 06:39:37,180
2025-02-23 06:39:37,180
2025-02-23 06:39:37,180
2025-02-23 06:39:37,180
2025-02-23 06:39:37,180
2025-02-23 06:39:37,180
2025-02-23 06:39:37,180
2025-02-23 06:41:16,120
2025-02-23 06:41:16,121
2025-02-23 06:41:16,121
2025-02-23 06:41:16,121
2025-02-23 06:41:16,122
2025-02-23 06:41:17,123
2025-02-23 06:41:17,126
2025-02-23 06:41:17,128
2025-02-23 06:41:17,128
2025-02-23 06:41:17,130
2025-02-23 06:41:17,129
2025-02-23 06:41:17,129
2025-02-23 06:41:17,128
2025-02-23 06:41:17,129
2025-02-23 06:41:17,129
2025-02-23 06:41:17,129
2025-02-23 06:41:17,130
2025-02-23 06:41:17,130
2025-02-23 06:41:17,130
2025-02-23 06:41:17,139
2025-02-23 06:41:17,155
2025-02-23 06:41:17,171
2025-02-23 06:41:17,164
2025-02-23 06:41:17,83
2025-02-23 06:41:17,31
2025-02-23 06:41:17,18
2025-02-23 06:41:17,0
2025-02-23 06:41:17,0
2025-02-23 06:41:17,0
2025-02-23 06:41:17,0
2025-02-23 06:41:17,0
2025-02-23 06:41:17,36
2025-02-23 06:41:17,93
2025-02-23 06:41:17,173
2025-02-23 06:41:17,180
2025-02-23 06:41:18,180
2025-02-23 06:41:18,180
2025-02-23 06:41:18,180
2025-02-23 06:41:18,180
2025-02-23 06:41:18,180
2025-02-23 06:41:18,180
2025-02-23 06:41:18,180
2025-02-23 06:41:18,180
2025-02-23 06:41:18,180
2025-02-23 06:41:18,180
2025-02-23 06:41:18,180
2025-02-23 06:41:18,180
2025-02-23 06:41:18,166
2025-02-23 06:41:18,0
2025-02-23 06:41:18,0
2025-02-23 06:41:18,0
2025-02-23 06:41:18,0
2025-02-23 06:41:18,0
2025-02-23 06:41:18,0
2025-02-23 06:41:18,14
2025-02-23 06:41:18,77
2025-02-23 06:41:18,139
2025-02-23 06:41:18,180
2025-02-23 06:41:18,180
2025-02-23 06:41:18,180
2025-02-23 06:41:18,180
2025-02-23 06:41:18,180
2025-02-23 06:41:18,180
2025-02-23 06:41:18,180
2025-02-23 06:41:18,180
2025-02-23 06:41:19,180
2025-02-23 06:41:19,180
2025-02-23 06:41:19,180
2025-02-23 06:41:19,180
2025-02-23 06:41:19,180
2025-02-23 06:41:19,180
2025-02-23 06:41:19,160
2025-02-23 06:41:19,143
2025-02-23 06:41:19,137
2025-02-23 06:41:19,105
2025-02-23 06:41:19,65
2025-02-23 06:41:19,12
2025-02-23 06:41:19,0
2025-02-23 06:41:19,0
2025-02-23 06:41:19,0
2025-02-23 06:41:19,8
2025-02-23 06:41:19,66
2025-02-23 06:41:19,111
2025-02-23 06:41:19,149
2025-02-23 06:41:19,163
2025-02-23 06:41:19,169
2025-02-23 06:41:19,176
2025-02-23 06:41:19,180
2025-02-23 06:41:19,180
2025-02-23 06:41:19,180
2025-02-23 06:41:19,180
2025-02-23 06:41:19,180
2025-02-23 06:41:19,180
2025-02-23 06:41:19,179
2025-02-23 06:41:19,180
2025-02-23 06:41:20,176
2025-02-23 06:41:20,173
2025-02-23 06:41:20,146
2025-02-23 06:41:20,64
2025-02-23 06:41:20,0
2025-02-23 06:41:20,0
2025-02-23 06:41:20,0
2025-02-23 06:41:20,0
2025-02-23 06:41:20,0
2025-02-23 06:41:20,30
2025-02-23 06:41:20,91
2025-02-23 06:41:20,130
2025-02-23 06:41:20,162
2025-02-23 06:41:20,175
2025-02-23 06:41:20,180
2025-02-23 06:41:20,180
2025-02-23 06:41:20,180
2025-02-23 06:41:20,180
2025-02-23 06:41:20,180
2025-02-23 06:41:20,180
2025-02-23 06:41:20,180
2025-02-23 06:41:20,180
2025-02-23 06:41:20,180
2025-02-23 06:41:20,180
2025-02-23 06:41:20,180
2025-02-23 06:41:20,180
2025-02-23 06:41:20,180
2025-02-23 06:41:20,180
2025-02-23 06:41:20,180
2025-02-23 06:41:20,117
2025-02-23 06:41:21,0
2025-02-23 06:41:21,0
2025-02-23 06:41:21,0
2025-02-23 06:41:21,0
2025-02-23 06:41:21,0
2025-02-23 06:41:21,64
2025-02-23 06:41:21,152
2025-02-23 06:41:21,180
2025-02-23 06:41:21,180
2025-02-23 06:41:21,180
2025-02-23 06:41:21,180
2025-02-23 06:41:21,180
2025-02-23 06:41:21,180
2025-02-23 06:41:21,180
2025-02-23 06:41:21,180
2025-02-23 06:41:21,180
2025-02-23 06:41:21,180
2025-02-23 06:41:21,168
2025-02-23 06:41:21,3
2025-02-23 06:41:21,0
2025-02-23 06:41:21,0
2025-02-23 06:41:21,0
2025-02-23 06:41:21,0
2025-02-23 06:41:21,0
2025-02-23 06:41:21,58
2025-02-23 06:41:21,123
2025-02-23 06:41:21,170
2025-02-23 06:41:21,180
2025-02-23 06:41:21,180
2025-02-23 06:41:22,180
2025-02-23 06:41:22,180
2025-02-23 06:41:22,180
2025-02-23 06:41:22,180
2025-02-23 06:41:22,180
2025-02-23 06:41:22,180
2025-02-23 06:41:22,180
2025-02-23 06:41:22,0
2025-02-23 06:41:22,0
2025-02-23 06:41:22,0
2025-02-23 06:41:22,0
2025-02-23 06:41:22,43
2025-02-23 06:41:22,121
2025-02-23 06:41:22,180
2025-02-23 06:41:22,180
2025-02-23 06:41:22,180
2025-02-23 06:41:22,180
2025-02-23 06:41:22,142
2025-02-23 06:41:22,0
2025-02-23 06:41:22,0
2025-02-23 06:41:22,0
2025-02-23 06:41:22,94
2025-02-23 06:41:22,153
2025-02-23 06:41:22,180
2025-02-23 06:41:22,180
2025-02-23 06:41:22,180
2025-02-23 06:41:22,180
2025-02-23 06:41:22,180
2025-02-23 06:41:22,180
2025-02-23 06:41:22,180
2025-02-23 06:41:23,180
2025-02-23 06:41:23,180
2025-02-23 06:41:23,180
2025-02-23 06:41:23,180
2025-02-23 06:41:23,180
2025-02-23 06:41:23,129
2025-02-23 06:41:23,0
2025-02-23 06:41:23,0
2025-02-23 06:41:23,0
2025-02-23 06:41:23,19
2025-02-23 06:41:23,100
2025-02-23 06:41:23,180
2025-02-23 06:41:23,180
2025-02-23 06:41:23,180
2025-02-23 06:41:23,180
2025-02-23 06:41:23,180
2025-02-23 06:41:23,180
2025-02-23 06:41:23,180
2025-02-23 06:41:23,180
2025-02-23 06:41:23,180
2025-02-23 06:41:23,180
2025-02-23 06:41:23,180
2025-02-23 06:41:23,180
2025-02-23 06:41:23,180
2025-02-23 06:41:23,180
2025-02-23 06:41:23,180
2025-02-23 06:41:23,180
2025-02-23 06:41:23,91
2025-02-23 06:41:23,0
2025-02-23 06:41:23,0
2025-02-23 06:41:24,0
2025-02-23 06:41:24,0
2025-02-23 06:41:24,0
2025-02-23 06:41:24,0
2025-02-23 06:41:24,0
2025-02-23 06:41:24,0
2025-02-23 06:41:24,0
2025-02-23 06:41:24,0
2025-02-23 06:41:24,0
2025-02-23 06:41:24,0
2025-02-23 06:41:24,10
2025-02-23 06:41:24,89
2025-02-23 06:41:24,166
2025-02-23 06:41:24,180
2025-02-23 06:41:24,180
2025-02-23 06:41:24,180
2025-02-23 06:41:24,180
2025-02-23 06:41:24,180
2025-02-23 06:41:24,180
2025-02-23 06:41:24,180
2025-02-23 06:41:24,180
2025-02-23 06:41:24,180
2025-02-23 06:41:24,180
2025-02-23 06:41:24,173
2025-02-23 06:41:24,114
2025-02-23 06:41:24,0
2025-02-23 06:41:24,0
2025-02-23 06:41:24,0
2025-02-23 06:41:24,0
2025-02-23 06:41:24,0
2025-02-23 06:41:25,0
2025-02-23 06:41:25,0
2025-02-23 06:41:25,0
2025-02-23 06:41:25,0
2025-02-23 06:41:25,97
2025-02-23 06:41:25,163
2025-02-23 06:41:25,180
2025-02-23 06:41:25,180
2025-02-23 06:41:25,180
2025-02-23 06:41:25,180
2025-02-23 06:41:25,180
2025-02-23 06:41:25,180
2025-02-23 06:41:25,180
2025-02-23 06:41:25,180
2025-02-23 06:41:25,180
2025-02-23 06:41:25,180
2025-02-23 06:41:25,180
2025-02-23 06:41:25,180
2025-02-23 06:41:25,180
2025-02-23 06:41:25,180
2025-02-23 06:41:25,180
2025-02-23 06:41:25,180
2025-02-23 06:41:25,180
2025-02-23 06:41:25,180
2025-02-23 06:41:25,180
2025-02-23 06:41:25,180
2025-02-23 06:41:25,180
2025-02-23 06:41:25,180
2025-02-23 06:41:25,180
2025-02-23 06:41:25,180
2025-02-23 06:41:26,180
2025-02-23 06:41:26,180
2025-02-23 06:41:26,180
2025-02-23 06:41:26,180
2025-02-23 06:41:26,118
2025-02-23 06:41:26,68
2025-02-23 06:41:26,18
2025-02-23 06:41:26,0
2025-02-23 06:41:26,0
2025-02-23 06:41:26,0
2025-02-23 06:41:26,0
2025-02-23 06:41:26,0
2025-02-23 06:41:26,0
2025-02-23 06:41:26,0
2025-02-23 06:41:26,0
2025-02-23 06:41:26,0
2025-02-23 06:41:26,0
2025-02-23 06:41:26,0
2025-02-23 06:41:26,0
2025-02-23 06:41:26,0
2025-02-23 06:41:26,0
2025-02-23 06:41:26,0
2025-02-23 06:41:26,0
2025-02-23 06:41:26,39
2025-02-23 06:41:26,102
2025-02-23 06:41:26,161
2025-02-23 06:41:26,180
2025-02-23 06:41:26,180
2025-02-23 06:41:26,180
2025-02-23 06:41:26,180
2025-02-23 06:41:27,180
2025-02-23 06:41:27,180
2025-02-23 06:41:27,180
2025-02-23 06:41:27,180
2025-02-23 06:41:27,180
2025-02-23 06:41:27,180
2025-02-23 06:41:27,180
2025-02-23 06:41:27,180
2025-02-23 06:41:27,180
2025-02-23 06:41:27,180
2025-02-23 06:41:27,180
2025-02-23 06:41:27,180
2025-02-23 06:41:27,180
2025-02-23 06:41:27,180
2025-02-23 06:41:27,180
2025-02-23 06:41:27,180
2025-02-23 06:41:27,180
2025-02-23 06:41:27,180
2025-02-23 06:41:27,180
2025-02-23 06:41:27,180
2025-02-23 06:41:27,180
2025-02-23 06:41:27,180
2025-02-23 06:41:27,180
2025-02-23 06:41:27,180
2025-02-23 06:41:27,176
2025-02-23 06:41:27,147
2025-02-23 06:41:27,114
2025-02-23 06:41:27,73
2025-02-23 06:41:27,19
2025-02-23 06:41:27,0
2025-02-23 06:41:28,0
2025-02-23 06:41:28,0
2025-02-23 06:41:28,0
2025-02-23 06:41:28,0
2025-02-23 06:41:28,0
2025-02-23 06:41:28,0
2025-02-23 06:41:28,0
2025-02-23 06:41:28,0
2025-02-23 06:41:28,42
2025-02-23 06:41:28,96
2025-02-23 06:41:28,142
2025-02-23 06:41:28,180
2025-02-23 06:41:28,180
2025-02-23 06:41:28,180
2025-02-23 06:41:28,180
2025-02-23 06:41:28,180
2025-02-23 06:41:28,180
2025-02-23 06:41:28,180
2025-02-23 06:41:28,180
2025-02-23 06:41:28,180
2025-02-23 06:41:28,180
2025-02-23 06:41:28,180
2025-02-23 06:41:28,180
2025-02-23 06:41:28,180
2025-02-23 06:41:28,61
2025-02-23 06:41:28,112
2025-02-23 06:41:28,138
2025-02-23 06:41:28,146
2025-02-23 06:41:28,143
2025-02-23 06:41:29,142
2025-02-23 06:41:29,142
2025-02-23 06:41:29,144
2025-02-23 06:41:29,143
2025-02-23 06:41:29,143
2025-02-23 06:41:29,143
2025-02-23 06:41:29,153
2025-02-23 06:41:29,72
2025-02-23 06:41:29,125
2025-02-23 06:41:29,180
2025-02-23 06:41:29,180
2025-02-23 06:41:29,180
2025-02-23 06:41:29,180
2025-02-23 06:41:29,180
2025-02-23 06:41:29,180
2025-02-23 06:41:29,180
2025-02-23 06:41:29,180
2025-02-23 06:41:29,180
2025-02-23 06:41:29,180
2025-02-23 06:41:29,180
2025-02-23 06:41:29,180
2025-02-23 06:41:29,180
2025-02-23 06:41:29,180
2025-02-23 06:41:29,180
2025-02-23 06:41:29,180
2025-02-23 06:41:29,110
2025-02-23 06:41:29,49
2025-02-23 06:41:29,19
2025-02-23 06:41:29,39
2025-02-23 06:41:29,70
2025-02-23 06:41:30,73
2025-02-23 06:41:30,66
2025-02-23 06:41:30,68
2025-02-23 06:41:30,19
2025-02-23 06:41:30,39
2025-02-23 06:41:30,81
2025-02-23 06:41:30,104
2025-02-23 06:41:30,137
2025-02-23 06:41:30,175
2025-02-23 06:41:30,180
2025-02-23 06:41:30,180
2025-02-23 06:41:30,180
2025-02-23 06:41:30,180
2025-02-23 06:41:30,180
2025-02-23 06:41:30,180
2025-02-23 06:41:30,180
2025-02-23 06:41:30,180
2025-02-23 06:41:30,180
2025-02-23 06:41:30,180
2025-02-23 06:41:30,180
2025-02-23 06:41:30,180
2025-02-23 06:41:30,180
2025-02-23 06:41:30,180
2025-02-23 06:41:30,180
2025-02-23 06:41:30,167
2025-02-23 06:41:30,107
2025-02-23 06:41:30,131
2025-02-23 06:41:30,67
2025-02-23 06:41:31,3
2025-02-23 06:41:31,7
2025-02-23 06:41:31,16
2025-02-23 06:41:31,0
2025-02-23 06:41:31,0
2025-02-23 06:41:31,1
2025-02-23 06:41:31,14
2025-02-23 06:41:31,14
2025-02-23 06:41:31,0
2025-02-23 06:41:31,1
2025-02-23 06:41:31,13
2025-02-23 06:41:31,23
2025-02-23 06:41:31,0
2025-02-23 06:41:31,0
2025-02-23 06:41:31,0
2025-02-23 06:41:31,0
2025-02-23 06:41:31,4
2025-02-23 06:41:31,25
2025-02-23 06:41:31,36
2025-02-23 06:41:31,42
2025-02-23 06:41:31,58
2025-02-23 06:41:31,55
2025-02-23 06:41:31,50
2025-02-23 06:41:31,50
2025-02-23 07:06:14,179
2025-02-23 07:06:14,177
2025-02-23 07:06:14,176
2025-02-23 07:06:14,174
2025-02-23 07:06:14,174
2025-02-23 07:06:14,177
2025-02-23 07:06:14,175
2025-02-23 07:06:14,176
2025-02-23 07:06:14,176
2025-02-23 07:06:14,176
2025-02-23 07:06:14,175
2025-02-23 07:06:14,174
2025-02-23 07:06:14,174
2025-02-23 07:06:14,172
2025-02-23 07:06:14,165
2025-02-23 07:06:14,162
2025-02-23 07:06:14,157
2025-02-23 07:06:14,153
2025-02-23 07:06:14,148
2025-02-23 07:06:14,140
2025-02-23 07:06:14,135
2025-02-23 07:06:14,122
2025-02-23 07:06:14,111
2025-02-23 07:06:14,104
2025-02-23 07:06:14,87
2025-02-23 07:06:14,85
2025-02-23 07:06:14,80
2025-02-23 07:06:14,68
2025-02-23 07:06:15,64
2025-02-23 07:06:15,53
2025-02-23 07:06:15,52
2025-02-23 07:06:15,48
2025-02-23 07:06:15,33
2025-02-23 07:06:15,0
2025-02-23 07:06:15,7
2025-02-23 07:06:15,1
2025-02-23 07:06:15,8
2025-02-23 07:06:15,0
2025-02-23 07:06:15,1
2025-02-23 07:06:15,0
2025-02-23 07:06:15,0
2025-02-23 07:06:15,0
2025-02-23 07:06:15,0
2025-02-23 07:06:15,0
2025-02-23 07:06:15,0
2025-02-23 07:06:15,0
2025-02-23 07:06:15,0
2025-02-23 07:06:15,0
2025-02-23 07:06:15,0
2025-02-23 07:06:15,0
2025-02-23 07:06:15,0
2025-02-23 07:06:15,0
2025-02-23 07:06:15,0
2025-02-23 07:06:15,0
2025-02-23 07:06:15,0
2025-02-23 07:06:15,0
2025-02-23 07:06:15,0
2025-02-23 07:06:15,0
2025-02-23 07:06:16,14
2025-02-23 07:06:16,28
2025-02-23 07:06:16,37
2025-02-23 07:06:16,41
2025-02-23 07:06:16,43
2025-02-23 07:06:16,44
2025-02-23 07:06:16,52
2025-02-23 07:06:16,60
2025-02-23 07:06:16,69
2025-02-23 07:06:16,85
2025-02-23 07:06:16,98
2025-02-23 07:06:16,112
2025-02-23 07:06:16,130
2025-02-23 07:06:16,141
2025-02-23 07:06:16,156
2025-02-23 07:06:16,157
2025-02-23 07:06:16,165
2025-02-23 07:06:16,170
2025-02-23 07:06:16,173
2025-02-23 07:06:16,173
2025-02-23 07:06:16,180
2025-02-23 07:06:16,180
2025-02-23 07:06:16,180
2025-02-23 07:06:16,180
2025-02-23 07:06:16,180
2025-02-23 07:06:16,180
2025-02-23 07:06:16,180
2025-02-23 07:06:16,180
2025-02-23 07:06:16,180
2025-02-23 07:06:16,180
2025-02-23 07:06:17,180
2025-02-23 07:06:17,180
2025-02-23 07:06:17,180
2025-02-23 07:06:17,180
2025-02-23 07:06:17,180
2025-02-23 07:06:17,180
2025-02-23 07:06:17,180
2025-02-23 07:06:17,180
2025-02-23 07:06:17,180
2025-02-23 07:06:17,180
2025-02-23 07:06:17,180
2025-02-23 07:06:17,180
2025-02-23 07:06:17,180
2025-02-23 07:06:17,180
2025-02-23 07:06:17,180
2025-02-23 07:06:17,180
2025-02-23 07:06:17,180
2025-02-23 07:06:17,180
2025-02-23 07:06:17,180
2025-02-23 07:06:17,180
2025-02-23 07:06:17,180
2025-02-23 07:06:17,180
2025-02-23 07:06:17,180
2025-02-23 07:06:17,180
2025-02-23 07:06:17,180
2025-02-23 07:06:17,180
2025-02-23 07:06:17,180
2025-02-23 07:06:17,180
2025-02-23 07:06:17,180
2025-02-23 07:06:17,180
2025-02-23 07:06:18,180
2025-02-23 07:06:18,180
2025-02-23 07:06:18,180
2025-02-23 07:06:18,180
2025-02-23 07:06:18,180
2025-02-23 07:06:18,180
2025-02-23 07:06:18,180
2025-02-23 07:06:18,180
2025-02-23 07:06:18,180
2025-02-23 07:06:18,180
2025-02-23 07:06:18,180
2025-02-23 07:06:18,180
2025-02-23 07:06:18,180
2025-02-23 07:06:18,180
2025-02-23 07:06:18,180
2025-02-23 07:06:18,180
2025-02-23 07:06:18,180
2025-02-23 07:06:18,180
2025-02-23 07:06:18,173
2025-02-23 07:06:18,153
2025-02-23 07:06:18,138
2025-02-23 07:06:18,122
2025-02-23 07:06:18,108
2025-02-23 07:06:18,90
2025-02-23 07:06:18,73
2025-02-23 07:06:18,59
2025-02-23 07:06:18,47
2025-02-23 07:06:18,25
2025-02-23 07:06:18,9
2025-02-23 07:06:18,0
2025-02-23 07:06:19,0
2025-02-23 07:06:19,0
2025-02-23 07:06:19,0
2025-02-23 07:06:19,0
2025-02-23 07:06:19,0
2025-02-23 07:06:19,0
2025-02-23 07:06:19,0
2025-02-23 07:06:19,0
2025-02-23 07:06:19,0
2025-02-23 07:06:19,0
2025-02-23 07:06:19,0
2025-02-23 07:06:19,0
2025-02-23 07:06:19,0
2025-02-23 07:06:19,0
2025-02-23 07:06:19,0
2025-02-23 07:06:19,0
2025-02-23 07:06:19,0
2025-02-23 07:06:19,0
2025-02-23 07:06:19,0
2025-02-23 07:06:19,0
2025-02-23 07:06:19,0
2025-02-23 07:06:19,0
2025-02-23 07:06:19,0
2025-02-23 07:06:19,0
2025-02-23 07:06:19,0
2025-02-23 07:06:19,0
2025-02-23 07:06:19,39
2025-02-23 07:06:19,56
2025-02-23 07:06:19,81
2025-02-23 07:06:19,98
2025-02-23 07:06:20,121
2025-02-23 07:06:20,147
2025-02-23 07:06:20,173
2025-02-23 07:06:20,180
2025-02-23 07:06:20,180
2025-02-23 07:06:20,180
2025-02-23 07:06:20,180
2025-02-23 07:06:20,180
2025-02-23 07:06:20,180
2025-02-23 07:06:20,180
2025-02-23 07:06:20,180
2025-02-23 07:06:20,180
2025-02-23 07:06:20,180
2025-02-23 07:06:20,180
2025-02-23 07:06:20,180
2025-02-23 07:06:20,180
2025-02-23 07:06:20,180
2025-02-23 07:06:20,158
2025-02-23 07:06:20,87
2025-02-23 07:06:20,20
2025-02-23 07:06:20,0
2025-02-23 07:06:20,0
2025-02-23 07:06:20,0
2025-02-23 07:06:20,0
2025-02-23 07:06:20,0
2025-02-23 07:06:20,0
2025-02-23 07:06:20,0
2025-02-23 07:06:20,0
2025-02-23 07:06:20,0
2025-02-23 07:06:20,0
2025-02-23 07:06:21,54
2025-02-23 07:06:21,124
2025-02-23 07:06:21,179
2025-02-23 07:06:21,180
2025-02-23 07:06:21,180
2025-02-23 07:06:21,180
2025-02-23 07:06:21,180
2025-02-23 07:06:21,180
2025-02-23 07:06:21,180
2025-02-23 07:06:21,180
2025-02-23 07:06:21,180
2025-02-23 07:06:21,180
2025-02-23 07:06:21,180
2025-02-23 07:06:21,180
2025-02-23 07:06:21,180
2025-02-23 07:06:21,180
2025-02-23 07:06:21,180
2025-02-23 07:06:21,180
2025-02-23 07:06:21,180
2025-02-23 07:06:21,180
2025-02-23 07:06:21,180
2025-02-23 07:06:21,180
2025-02-23 07:06:21,180
2025-02-23 07:06:21,180
2025-02-23 07:06:21,180
2025-02-23 07:06:21,180
2025-02-23 07:06:21,180
2025-02-23 07:06:21,180
2025-02-23 07:06:21,180
2025-02-23 07:06:21,180
2025-02-23 07:06:22,180
2025-02-23 07:06:22,180
2025-02-23 07:06:22,180
2025-02-23 07:06:22,180
2025-02-23 07:06:22,180
2025-02-23 07:06:22,180
2025-02-23 07:06:22,104
2025-02-23 07:06:22,0
2025-02-23 07:06:22,0
2025-02-23 07:06:22,0
2025-02-23 07:06:22,0
2025-02-23 07:06:22,0
2025-02-23 07:06:22,0
2025-02-23 07:06:22,0
2025-02-23 07:06:22,0
2025-02-23 07:06:22,0
2025-02-23 07:06:22,0
2025-02-23 07:06:22,0
2025-02-23 07:06:22,0
2025-02-23 07:06:22,0
2025-02-23 07:06:22,0
2025-02-23 07:06:22,0
2025-02-23 07:06:22,0
2025-02-23 07:06:22,0
2025-02-23 07:06:22,0
2025-02-23 07:06:22,0
2025-02-23 07:06:22,0
2025-02-23 07:06:22,0
2025-02-23 07:06:22,0
2025-02-23 07:06:22,0
2025-02-23 07:06:23,0
2025-02-23 07:06:23,0
2025-02-23 07:06:23,0
2025-02-23 07:06:23,36
2025-02-23 07:06:23,126
2025-02-23 07:06:23,180
2025-02-23 07:06:23,180
2025-02-23 07:06:23,180
2025-02-23 07:06:23,180
2025-02-23 07:06:23,180
2025-02-23 07:06:23,180
2025-02-23 07:06:23,180
2025-02-23 07:06:23,180
2025-02-23 07:06:23,180
2025-02-23 07:06:23,180
2025-02-23 07:06:23,180
2025-02-23 07:06:23,180
2025-02-23 07:06:23,180
2025-02-23 07:06:23,180
2025-02-23 07:06:23,180
2025-02-23 07:06:23,180
2025-02-23 07:06:23,180
2025-02-23 07:06:23,180
2025-02-23 07:06:23,180
2025-02-23 07:06:23,180
2025-02-23 07:06:23,180
2025-02-23 07:06:23,180
2025-02-23 07:06:23,180
2025-02-23 07:06:23,180
2025-02-23 07:06:23,180
2025-02-23 07:06:24,180
2025-02-23 07:06:24,180
2025-02-23 07:06:24,180
2025-02-23 07:06:24,180
2025-02-23 07:06:24,180
2025-02-23 07:06:24,180
2025-02-23 07:06:24,180
2025-02-23 07:06:24,180
2025-02-23 07:06:24,180
2025-02-23 07:06:24,180
2025-02-23 07:06:24,180
2025-02-23 07:06:24,180
2025-02-23 07:06:24,180
2025-02-23 07:06:24,180
2025-02-23 07:06:24,180
2025-02-23 07:06:24,180
2025-02-23 07:06:24,180
2025-02-23 07:06:24,180
2025-02-23 07:06:24,180
2025-02-23 07:06:24,180
2025-02-23 07:06:24,180
2025-02-23 07:06:24,180
2025-02-23 07:06:24,180
2025-02-23 07:06:24,180
2025-02-23 07:06:24,180
2025-02-23 07:06:24,180
2025-02-23 07:06:24,180
2025-02-23 07:06:24,180
2025-02-23 07:06:24,180
2025-02-23 07:06:24,180
2025-02-23 07:06:25,180
2025-02-23 07:06:25,180
2025-02-23 07:06:25,180
2025-02-23 07:06:25,180
2025-02-23 07:06:25,180
2025-02-23 07:06:25,180
2025-02-23 07:06:25,180
2025-02-23 07:06:25,180
2025-02-23 07:06:25,180
2025-02-23 07:06:25,180
2025-02-23 07:06:25,180
2025-02-23 07:06:25,180
2025-02-23 07:06:25,180
2025-02-23 07:06:25,180
2025-02-23 07:06:25,180
2025-02-23 07:06:25,180
2025-02-23 07:06:25,180
2025-02-23 07:06:25,180
2025-02-23 07:06:25,180
2025-02-23 07:06:25,180
2025-02-23 07:06:25,180
2025-02-23 07:06:25,180
2025-02-23 07:06:25,180
2025-02-23 07:06:25,180
2025-02-23 07:06:25,180
2025-02-23 07:06:25,180
2025-02-23 07:06:25,180
2025-02-23 07:06:25,180
2025-02-23 07:06:25,180
2025-02-23 07:06:25,180
2025-02-23 07:06:26,180
2025-02-23 07:06:26,180
2025-02-23 07:06:26,180
2025-02-23 07:06:26,180
2025-02-23 07:06:26,180
2025-02-23 07:06:26,180
2025-02-23 07:06:26,180
2025-02-23 07:06:26,180
2025-02-23 07:06:26,180
2025-02-23 07:06:26,180
2025-02-23 07:06:26,180
2025-02-23 07:06:26,180
2025-02-23 07:06:26,180
2025-02-23 07:06:26,180
2025-02-23 07:06:26,180
2025-02-23 07:06:26,180
2025-02-23 07:06:26,180
2025-02-23 07:06:26,180
2025-02-23 07:06:26,180
2025-02-23 07:06:26,180
2025-02-23 07:06:26,180
2025-02-23 07:06:26,180
2025-02-23 07:06:26,180
2025-02-23 07:06:26,180
2025-02-23 07:06:26,180
2025-02-23 07:06:26,180
2025-02-23 07:06:26,180
2025-02-23 07:06:26,180
2025-02-23 07:06:26,180
2025-02-23 07:06:26,180
2025-02-23 07:06:27,180
2025-02-23 07:06:27,180
2025-02-23 07:06:27,180
2025-02-23 07:06:27,180
2025-02-23 07:06:27,180
2025-02-23 07:06:27,180
2025-02-23 07:06:27,180
2025-02-23 07:06:27,180
2025-02-23 07:06:27,180
2025-02-23 07:06:27,180
2025-02-23 07:06:27,180
2025-02-23 07:06:27,180
2025-02-23 07:06:27,180
2025-02-23 07:06:27,180
2025-02-23 07:06:27,180
2025-02-23 07:06:27,180
2025-02-23 07:06:27,180
2025-02-23 07:06:27,180
2025-02-23 07:06:27,180
2025-02-23 07:06:27,180
2025-02-23 07:06:27,180
2025-02-23 07:06:27,180
2025-02-23 07:06:27,180
2025-02-23 07:06:27,180
2025-02-23 07:06:27,180
2025-02-23 07:06:27,180
2025-02-23 07:06:27,180
2025-02-23 07:06:27,180
2025-02-23 07:06:27,180
2025-02-23 07:06:27,180
2025-02-23 07:06:28,180
2025-02-23 07:06:28,180
2025-02-23 07:06:28,180
2025-02-23 07:06:28,180
2025-02-23 07:06:28,180
2025-02-23 07:06:28,180
2025-02-23 07:06:28,180
2025-02-23 07:06:28,180
2025-02-23 07:06:28,180
2025-02-23 07:06:28,180
2025-02-23 07:06:28,180
2025-02-23 07:06:28,180
2025-02-23 07:06:28,180
2025-02-23 07:06:28,180
2025-02-23 07:06:28,180
2025-02-23 07:06:28,180
2025-02-23 07:06:28,180
2025-02-23 07:06:28,180
2025-02-23 07:06:28,180
2025-02-23 07:06:28,180
2025-02-23 07:06:28,180
2025-02-23 07:06:28,180
2025-02-23 07:06:28,180
2025-02-23 07:06:28,180
2025-02-23 07:06:28,180
2025-02-23 07:06:28,180
2025-02-23 07:06:28,180
2025-02-23 07:06:28,180
2025-02-23 07:06:28,180
2025-02-23 07:06:28,180
2025-02-23 07:06:29,180
2025-02-23 07:31:25,130
2025-02-23 07:31:25,131
2025-02-23 07:31:25,99
2025-02-23 07:31:25,39
2025-02-23 07:31:25,0
2025-02-23 07:31:26,65
2025-02-23 07:31:26,34
2025-02-23 07:31:26,180
2025-02-23 07:31:26,180
2025-02-23 07:31:26,180
2025-02-23 07:31:26,180
2025-02-23 07:31:26,180
2025-02-23 07:31:26,180
2025-02-23 07:31:27,180
2025-02-23 07:31:27,180
2025-02-23 07:31:27,180
2025-02-23 07:31:27,180
2025-02-23 07:31:27,180
2025-02-23 07:31:27,180
2025-02-23 07:31:27,180
2025-02-23 07:31:27,180
2025-02-23 07:31:27,180
2025-02-23 07:31:27,180
2025-02-23 07:31:27,180
2025-02-23 07:31:27,180
2025-02-23 07:31:27,180
2025-02-23 07:31:27,0
2025-02-23 07:31:27,0
2025-02-23 07:31:28,0
2025-02-23 07:31:28,0
2025-02-23 07:31:28,0
2025-02-23 07:31:28,0
2025-02-23 07:31:28,0
2025-02-23 07:31:28,0
2025-02-23 07:31:28,0
2025-02-23 07:31:28,0
2025-02-23 07:31:28,0
2025-02-23 07:31:28,0
2025-02-23 07:31:28,0
2025-02-23 07:31:28,0
2025-02-23 07:31:28,0
2025-02-23 07:31:28,0
2025-02-23 07:31:28,0
2025-02-23 07:31:29,0
2025-02-23 07:31:29,0
2025-02-23 07:31:29,0
2025-02-23 07:31:29,0
2025-02-23 07:31:29,0
2025-02-23 07:31:29,0
2025-02-23 07:31:29,0
2025-02-23 07:31:29,0
2025-02-23 07:31:29,0
2025-02-23 07:31:29,0
2025-02-23 07:31:29,0
2025-02-23 07:31:29,0
2025-02-23 07:31:29,0
2025-02-23 07:31:29,0
2025-02-23 07:31:29,0
2025-02-23 07:31:30,0
2025-02-23 07:31:30,0
2025-02-23 07:31:30,0
2025-02-23 07:31:30,0
2025-02-23 07:31:30,0
2025-02-23 07:31:30,0
2025-02-23 07:31:30,0
2025-02-23 07:31:30,0
2025-02-23 07:31:30,0
2025-02-23 07:31:30,0
2025-02-23 07:31:30,0
2025-02-23 07:31:30,0
2025-02-23 07:31:30,0
2025-02-23 07:31:30,0
2025-02-23 07:31:30,0
2025-02-23 07:31:30,0
2025-02-23 07:31:30,0
2025-02-23 07:31:30,0
2025-02-23 07:31:30,0
2025-02-23 07:31:30,0
2025-02-23 07:31:30,0
2025-02-23 07:31:30,12
2025-02-23 07:31:30,180
2025-02-23 07:31:31,180
2025-02-23 07:31:31,180
2025-02-23 07:31:31,180
2025-02-23 07:31:31,180
2025-02-23 07:31:31,180
2025-02-23 07:31:31,180
2025-02-23 07:31:31,180
2025-02-23 07:31:31,180
2025-02-23 07:31:31,180
2025-02-23 07:31:31,180
2025-02-23 07:31:31,180
2025-02-23 07:31:31,180
2025-02-23 07:31:31,180
2025-02-23 07:31:31,180
2025-02-23 07:31:31,180
2025-02-23 07:31:32,180
2025-02-23 07:31:32,180
2025-02-23 07:31:32,180
2025-02-23 07:31:32,180
2025-02-23 07:31:32,180
2025-02-23 07:31:32,180
2025-02-23 07:31:32,180
2025-02-23 07:31:32,180
2025-02-23 07:31:32,180
2025-02-23 07:31:32,180
2025-02-23 07:31:32,180
2025-02-23 07:31:32,180
2025-02-23 07:31:32,180
2025-02-23 07:31:32,151
2025-02-23 07:31:32,0
2025-02-23 07:31:33,0
2025-02-23 07:31:33,0
2025-02-23 07:31:33,0
2025-02-23 07:31:33,0
2025-02-23 07:31:33,0
2025-02-23 07:31:33,0
2025-02-23 07:31:33,0
2025-02-23 07:31:33,0
2025-02-23 07:31:33,0
2025-02-23 07:31:33,0
2025-02-23 07:31:33,0
2025-02-23 07:31:33,0
2025-02-23 07:31:33,0
2025-02-23 07:31:33,0
2025-02-23 07:31:33,0
2025-02-23 07:31:34,0
2025-02-23 07:31:34,0
2025-02-23 07:31:34,0
2025-02-23 07:31:34,0
2025-02-23 07:31:34,0
2025-02-23 07:31:34,0
2025-02-23 07:31:34,0
2025-02-23 07:31:34,0
2025-02-23 07:31:34,0
2025-02-23 07:31:34,0
2025-02-23 07:31:34,0
2025-02-23 07:31:34,0
2025-02-23 07:31:34,0
2025-02-23 07:31:34,0
2025-02-23 07:31:34,0
2025-02-23 07:31:35,0
2025-02-23 07:31:35,0
2025-02-23 07:31:35,0
2025-02-23 07:31:35,0
2025-02-23 07:31:35,0
2025-02-23 07:31:35,0
2025-02-23 07:31:35,0
2025-02-23 07:31:35,0
2025-02-23 07:31:35,0
2025-02-23 07:31:35,0
2025-02-23 07:31:35,0
2025-02-23 07:31:35,0
2025-02-23 07:31:35,0
2025-02-23 07:31:35,0
2025-02-23 07:31:35,0
2025-02-23 07:31:36,0
2025-02-23 07:31:36,0
2025-02-23 07:31:36,0
2025-02-23 07:31:36,0
2025-02-23 07:31:36,0
2025-02-23 07:31:36,0
2025-02-23 07:31:36,0
2025-02-23 07:31:36,0
2025-02-23 07:31:36,0
2025-02-23 07:31:36,0
2025-02-23 07:31:36,0
2025-02-23 07:31:36,0
2025-02-23 07:31:36,0
2025-02-23 07:31:36,0
2025-02-23 07:31:36,0
2025-02-23 07:31:37,0
2025-02-23 07:31:37,0
2025-02-23 07:31:37,176
2025-02-23 07:31:37,180
2025-02-23 07:31:37,180
2025-02-23 07:31:37,180
2025-02-23 07:31:37,180
2025-02-23 07:31:37,180
2025-02-23 07:31:37,180
2025-02-23 07:31:37,180
2025-02-23 07:31:37,180
2025-02-23 07:31:37,180
2025-02-23 07:31:37,180
2025-02-23 07:31:37,180
2025-02-23 07:31:37,180
2025-02-23 07:31:38,180
2025-02-23 07:31:38,180
2025-02-23 07:31:38,180
2025-02-23 07:31:38,180
2025-02-23 07:31:38,180
2025-02-23 07:31:38,180
2025-02-23 07:31:38,180
2025-02-23 07:31:38,180
2025-02-23 07:31:38,180
2025-02-23 07:31:38,180
2025-02-23 07:31:38,180
2025-02-23 07:31:38,180
2025-02-23 07:31:38,180
2025-02-23 07:31:38,180
2025-02-23 07:31:38,180
2025-02-23 07:31:39,180
2025-02-23 07:31:39,180
2025-02-23 07:31:39,180
2025-02-23 07:31:39,180
2025-02-23 07:31:39,180
2025-02-23 07:31:39,180
2025-02-23 07:31:39,180
2025-02-23 07:31:39,180
2025-02-23 07:31:39,180
2025-02-23 07:31:39,180
2025-02-23 07:31:39,180
2025-02-23 07:31:39,180
2025-02-23 07:31:39,180
2025-02-23 07:31:39,180
2025-02-23 07:31:39,180
2025-02-23 07:31:40,180
2025-02-23 07:31:40,180
2025-02-23 07:31:40,180
2025-02-23 07:31:40,180
2025-02-23 07:31:40,180
2025-02-23 07:31:40,180
2025-02-23 07:31:40,180
2025-02-23 07:31:40,180
2025-02-23 07:31:40,180
2025-02-23 07:31:40,180
2025-02-23 07:31:40,180
2025-02-23 07:31:40,180
2025-02-23 07:31:40,180
2025-02-23 07:31:40,180
2025-02-23 07:31:40,180
2025-02-23 07:31:40,180
2025-02-23 07:31:40,180
2025-02-23 07:31:40,180
